{"nodes": [{"label": "Country", "properties": [{"name": "name", "type": "str", "csv_mapping": "name", "is_unique": true}]}, {"label": "Capital", "properties": [{"name": "capital", "type": "str", "csv_mapping": "capital", "is_unique": false}]}, {"label": "Region", "properties": [{"name": "region", "type": "str", "csv_mapping": "region", "is_unique": false}]}, {"label": "Subregion", "properties": [{"name": "subregion", "type": "str", "csv_mapping": "subregion", "is_unique": true}]}, {"label": "Currency", "properties": [{"name": "currencyName", "type": "str", "csv_mapping": "currency_name", "is_unique": false}]}, {"label": "Timezone", "properties": [{"name": "timezones", "type": "str", "csv_mapping": "timezones", "is_unique": false}]}, {"label": "GeographicalCoordinates", "properties": [{"name": "latitude", "type": "float", "csv_mapping": "latitude", "is_unique": false}, {"name": "longitude", "type": "float", "csv_mapping": "longitude", "is_unique": false}]}], "relationships": [{"type": "HAS_CAPITAL", "properties": [], "source": "Country", "target": "Capital"}, {"type": "BELONGS_TO_REGION", "properties": [], "source": "Country", "target": "Region"}, {"type": "HAS_SUBREGION", "properties": [], "source": "Region", "target": "Subregion"}, {"type": "USES_CURRENCY", "properties": [], "source": "Country", "target": "Currency"}, {"type": "HAS_TIMEZONE", "properties": [], "source": "Country", "target": "Timezone"}, {"type": "LOCATED_IN", "properties": [], "source": "Country", "target": "GeographicalCoordinates"}]}